design,sheet_id,sheet_number,panel_id,quantity,thickness_mm,rotation_deg,x_mm,y_mm,bbox_width_mm,bbox_height_mm,area_mm2,hole_count,bevel_notes,notes,cut_note
Catamaran,Catamaran_sheet1,1,CAT-PORT-DECK-05,1,20,0,20,45,206.950016,256.160082,39177.2727,0,edge 0: Removable deck support edge; keep CUT outline nominal,,CUT nominal; CAM outside offset +0.10 mm; do not cut both; holes require inner CAM compensation if needed
Catamaran,Catamaran_sheet1,1,CAT-STARBOARD-DECK-05,1,20,0,230.950016,45,206.950016,256.160082,39177.2727,0,edge 0: Removable deck support edge; keep CUT outline nominal,,CUT nominal; CAM outside offset +0.10 mm; do not cut both; holes require inner CAM compensation if needed
Catamaran,Catamaran_sheet1,1,CAT-PORT-DECK-02,1,20,0,441.900032,45,170,260,44200,0,edge 0: Removable deck support edge; keep CUT outline nominal,,CUT nominal; CAM outside offset +0.10 mm; do not cut both; holes require inner CAM compensation if needed
Catamaran,Catamaran_sheet1,1,CAT-PORT-DECK-03,1,20,0,615.900032,45,170,260,44200,0,edge 0: Removable deck support edge; keep CUT outline nominal,,CUT nominal; CAM outside offset +0.10 mm; do not cut both; holes require inner CAM compensation if needed
Catamaran,Catamaran_sheet1,1,CAT-PORT-DECK-04,1,20,0,789.900032,45,170,260,44200,0,edge 0: Removable deck support edge; keep CUT outline nominal,,CUT nominal; CAM outside offset +0.10 mm; do not cut both; holes require inner CAM compensation if needed
Catamaran,Catamaran_sheet1,1,CAT-STARBOARD-DECK-02,1,20,90,20,305.160082,260,170,44200,0,edge 0: Removable deck support edge; keep CUT outline nominal,,CUT nominal; CAM outside offset +0.10 mm; do not cut both; holes require inner CAM compensation if needed
Catamaran,Catamaran_sheet1,1,CAT-STARBOARD-DECK-03,1,20,90,284,309,260,170,44200,0,edge 0: Removable deck support edge; keep CUT outline nominal,,CUT nominal; CAM outside offset +0.10 mm; do not cut both; holes require inner CAM compensation if needed
Catamaran,Catamaran_sheet1,1,CAT-STARBOARD-DECK-04,1,20,90,548,309,260,170,44200,0,edge 0: Removable deck support edge; keep CUT outline nominal,,CUT nominal; CAM outside offset +0.10 mm; do not cut both; holes require inner CAM compensation if needed
Catamaran,Catamaran_sheet1,1,CAT-PORT-SIDE-PORT-06,1,20,90,812,309,139.611713,207.333701,26189.6188,0,edge 0: Bottom chine mating edge; bevel-machine after nominal cut,,CUT nominal; CAM outside offset +0.10 mm; do not cut both; holes require inner CAM compensation if needed
Catamaran,Catamaran_sheet1,1,CAT-PORT-DECK-01,1,20,90,20,479.160082,260,50,13000,0,edge 0: Removable deck support edge; keep CUT outline nominal,,CUT nominal; CAM outside offset +0.10 mm; do not cut both; holes require inner CAM compensation if needed
Catamaran,Catamaran_sheet1,1,CAT-STARBOARD-DECK-01,1,20,90,284,483,260,50,13000,0,edge 0: Removable deck support edge; keep CUT outline nominal,,CUT nominal; CAM outside offset +0.10 mm; do not cut both; holes require inner CAM compensation if needed
Catamaran,Catamaran_sheet1,1,CAT-PORT-CHINE-PORT-06,1,20,0,548,483,190.17873,55.139384,4851.49158,0,edge 0: Mates flat bottom and vertical side; post-laser bevel to 15 deg | edge 2: Mates flat bottom and vertical side; post-laser bevel to 15 deg,,CUT nominal; CAM outside offset +0.10 mm; do not cut both; holes require inner CAM compensation if needed
Catamaran,Catamaran_sheet1,1,CAT-PORT-CHINE-PORT-01,1,20,0,742.17873,483,50,56.94019,2847.0095,0,edge 0: Mates flat bottom and vertical side; post-laser bevel to 15 deg | edge 2: Mates flat bottom and vertical side; post-laser bevel to 15 deg,,CUT nominal; CAM outside offset +0.10 mm; do not cut both; holes require inner CAM compensation if needed
Catamaran,Catamaran_sheet1,1,CATAMARAN-CONNECTOR-CENTER-01,1,20,0,955.611713,309,20,30,600,0,"edge 0: Deck connector end; post-laser fit/bevel, no shell overlap",,CUT nominal; CAM outside offset +0.10 mm; do not cut both; holes require inner CAM compensation if needed
Catamaran,Catamaran_sheet1,1,CATAMARAN-CONNECTOR-CENTER-02,1,20,0,955.611713,343,20,30,600,0,"edge 0: Deck connector end; post-laser fit/bevel, no shell overlap",,CUT nominal; CAM outside offset +0.10 mm; do not cut both; holes require inner CAM compensation if needed
Catamaran,Catamaran_sheet1,1,CATAMARAN-CONNECTOR-CENTER-03,1,20,0,955.611713,377,20,30,600,0,"edge 0: Deck connector end; post-laser fit/bevel, no shell overlap",,CUT nominal; CAM outside offset +0.10 mm; do not cut both; holes require inner CAM compensation if needed
Catamaran,Catamaran_sheet1,1,CATAMARAN-CONNECTOR-CENTER-04,1,20,0,955.611713,411,20,30,600,0,"edge 0: Deck connector end; post-laser fit/bevel, no shell overlap",,CUT nominal; CAM outside offset +0.10 mm; do not cut both; holes require inner CAM compensation if needed
Catamaran,Catamaran_sheet2,2,CAT-PORT-TRANSOM-01,1,20,0,20,45,260,140,35589.4537,0,edge 1: Transom-to-bottom and side butt joint; post-laser bevel,,CUT nominal; CAM outside offset +0.10 mm; do not cut both; holes require inner CAM compensation if needed
Catamaran,Catamaran_sheet2,2,CAT-STARBOARD-TRANSOM-01,1,20,0,284,45,260,140,35589.4537,0,edge 1: Transom-to-bottom and side butt joint; post-laser bevel,,CUT nominal; CAM outside offset +0.10 mm; do not cut both; holes require inner CAM compensation if needed
Catamaran,Catamaran_sheet2,2,CAT-PORT-DECK-06,1,20,0,548,45,197.461682,172.967966,17077.2727,0,edge 0: Removable deck support edge; keep CUT outline nominal,,CUT nominal; CAM outside offset +0.10 mm; do not cut both; holes require inner CAM compensation if needed
Catamaran,Catamaran_sheet2,2,CAT-STARBOARD-DECK-06,1,20,0,749.461682,45,197.461682,172.967966,17077.2727,0,edge 0: Removable deck support edge; keep CUT outline nominal,,CUT nominal; CAM outside offset +0.10 mm; do not cut both; holes require inner CAM compensation if needed
Catamaran,Catamaran_sheet2,2,CAT-PORT-BULKHEAD-01,1,20,0,20,189,260,120,30389.4537,0,edge 0: Section bulkhead mating perimeter; bevel as required for shell angle,,CUT nominal; CAM outside offset +0.10 mm; do not cut both; holes require inner CAM compensation if needed
Catamaran,Catamaran_sheet2,2,CAT-PORT-BULKHEAD-02,1,20,0,284,189,260,120,30389.4537,0,edge 0: Section bulkhead mating perimeter; bevel as required for shell angle,,CUT nominal; CAM outside offset +0.10 mm; do not cut both; holes require inner CAM compensation if needed
Catamaran,Catamaran_sheet2,2,CAT-PORT-BULKHEAD-03,1,20,0,548,221.967966,260,120,30389.4537,0,edge 0: Section bulkhead mating perimeter; bevel as required for shell angle,,CUT nominal; CAM outside offset +0.10 mm; do not cut both; holes require inner CAM compensation if needed
Catamaran,Catamaran_sheet2,2,CAT-PORT-BULKHEAD-04,1,20,90,812,221.967966,120,260,30389.4537,0,edge 0: Section bulkhead mating perimeter; bevel as required for shell angle,,CUT nominal; CAM outside offset +0.10 mm; do not cut both; holes require inner CAM compensation if needed
Catamaran,Catamaran_sheet2,2,CAT-STARBOARD-BULKHEAD-01,1,20,0,20,313,260,120,30389.4537,0,edge 0: Section bulkhead mating perimeter; bevel as required for shell angle,,CUT nominal; CAM outside offset +0.10 mm; do not cut both; holes require inner CAM compensation if needed
Catamaran,Catamaran_sheet2,2,CAT-STARBOARD-BULKHEAD-02,1,20,0,284,313,260,120,30389.4537,0,edge 0: Section bulkhead mating perimeter; bevel as required for shell angle,,CUT nominal; CAM outside offset +0.10 mm; do not cut both; holes require inner CAM compensation if needed
Catamaran,Catamaran_sheet2,2,CAT-STARBOARD-BULKHEAD-03,1,20,0,548,345.967966,260,120,30389.4537,0,edge 0: Section bulkhead mating perimeter; bevel as required for shell angle,,CUT nominal; CAM outside offset +0.10 mm; do not cut both; holes require inner CAM compensation if needed
Catamaran,Catamaran_sheet2,2,CAT-PORT-CHINE-STARBOARD-06,1,20,90,20,437,170.406583,100.845909,4851.49161,0,edge 0: Mates flat bottom and vertical side; post-laser bevel to 15 deg | edge 2: Mates flat bottom and vertical side; post-laser bevel to 15 deg,,CUT nominal; CAM outside offset +0.10 mm; do not cut both; holes require inner CAM compensation if needed
Catamaran,Catamaran_sheet2,2,CAT-STARBOARD-CHINE-STARBOARD-06,1,20,90,194.406583,437,170.406583,100.845909,4851.49161,0,edge 0: Mates flat bottom and vertical side; post-laser bevel to 15 deg | edge 2: Mates flat bottom and vertical side; post-laser bevel to 15 deg,,CUT nominal; CAM outside offset +0.10 mm; do not cut both; holes require inner CAM compensation if needed
Catamaran,Catamaran_sheet2,2,CAT-PORT-CHINE-STARBOARD-05,1,20,90,368.813166,437,170.1719,85.478908,9689.62032,0,edge 0: Mates flat bottom and vertical side; post-laser bevel to 15 deg | edge 2: Mates flat bottom and vertical side; post-laser bevel to 15 deg,,CUT nominal; CAM outside offset +0.10 mm; do not cut both; holes require inner CAM compensation if needed
Catamaran,Catamaran_sheet2,2,CAT-STARBOARD-CHINE-PORT-06,1,20,0,542.985066,469.967966,190.17873,55.139384,4851.49158,0,edge 0: Mates flat bottom and vertical side; post-laser bevel to 15 deg | edge 2: Mates flat bottom and vertical side; post-laser bevel to 15 deg,,CUT nominal; CAM outside offset +0.10 mm; do not cut both; holes require inner CAM compensation if needed
Catamaran,Catamaran_sheet2,2,CAT-PORT-CHINE-PORT-05,1,20,0,737.163796,485.967966,181.966002,56.155971,9689.62025,0,edge 0: Mates flat bottom and vertical side; post-laser bevel to 15 deg | edge 2: Mates flat bottom and vertical side; post-laser bevel to 15 deg,,CUT nominal; CAM outside offset +0.10 mm; do not cut both; holes require inner CAM compensation if needed
Catamaran,Catamaran_sheet2,2,CAT-PORT-CHINE-STARBOARD-01,1,20,90,923.129798,485.967966,50,56.94019,2847.0095,0,edge 0: Mates flat bottom and vertical side; post-laser bevel to 15 deg | edge 2: Mates flat bottom and vertical side; post-laser bevel to 15 deg,,CUT nominal; CAM outside offset +0.10 mm; do not cut both; holes require inner CAM compensation if needed
Catamaran,Catamaran_sheet3,3,CAT-STARBOARD-BULKHEAD-04,1,20,0,20,45,260,120,30389.4537,0,edge 0: Section bulkhead mating perimeter; bevel as required for shell angle,,CUT nominal; CAM outside offset +0.10 mm; do not cut both; holes require inner CAM compensation if needed
Catamaran,Catamaran_sheet3,3,CAT-STARBOARD-SIDE-PORT-06,1,20,0,284,45,207.333701,139.611713,26189.6188,0,edge 0: Bottom chine mating edge; bevel-machine after nominal cut,,CUT nominal; CAM outside offset +0.10 mm; do not cut both; holes require inner CAM compensation if needed
Catamaran,Catamaran_sheet3,3,CAT-PORT-BOTTOM-05,1,20,0,495.333701,45,188.114716,147.784662,20477.2727,0,edge 0: Longitudinal chine mating edges; bevel-machine to 15 deg after laser cut | edge 2: Longitudinal chine mating edges; bevel-machine to 15 deg after laser cut,,CUT nominal; CAM outside offset +0.10 mm; do not cut both; holes require inner CAM compensation if needed
Catamaran,Catamaran_sheet3,3,CAT-STARBOARD-BOTTOM-05,1,20,0,687.448417,45,188.114716,147.784662,20477.2727,0,edge 0: Longitudinal chine mating edges; bevel-machine to 15 deg after laser cut | edge 2: Longitudinal chine mating edges; bevel-machine to 15 deg after laser cut,,CUT nominal; CAM outside offset +0.10 mm; do not cut both; holes require inner CAM compensation if needed
Catamaran,Catamaran_sheet3,3,CAT-PORT-SIDE-STARBOARD-06,1,20,0,20,169,140,197.461682,26189.6187,0,edge 0: Bottom chine mating edge; bevel-machine after nominal cut,,CUT nominal; CAM outside offset +0.10 mm; do not cut both; holes require inner CAM compensation if needed
Catamaran,Catamaran_sheet3,3,CAT-STARBOARD-SIDE-STARBOARD-06,1,20,0,164,188.611713,140,197.461682,26189.6187,0,edge 0: Bottom chine mating edge; bevel-machine after nominal cut,,CUT nominal; CAM outside offset +0.10 mm; do not cut both; holes require inner CAM compensation if needed
Catamaran,Catamaran_sheet3,3,CAT-PORT-BOTTOM-02,1,20,0,308,188.611713,170,150,25500,0,edge 0: Longitudinal chine mating edges; bevel-machine to 15 deg after laser cut | edge 2: Longitudinal chine mating edges; bevel-machine to 15 deg after laser cut,,CUT nominal; CAM outside offset +0.10 mm; do not cut both; holes require inner CAM compensation if needed
Catamaran,Catamaran_sheet3,3,CAT-PORT-BOTTOM-03,1,20,0,482,196.784662,170,150,25500,0,edge 0: Longitudinal chine mating edges; bevel-machine to 15 deg after laser cut | edge 2: Longitudinal chine mating edges; bevel-machine to 15 deg after laser cut,,CUT nominal; CAM outside offset +0.10 mm; do not cut both; holes require inner CAM compensation if needed
Catamaran,Catamaran_sheet3,3,CAT-PORT-BOTTOM-04,1,20,0,656,196.784662,170,150,25500,0,edge 0: Longitudinal chine mating edges; bevel-machine to 15 deg after laser cut | edge 2: Longitudinal chine mating edges; bevel-machine to 15 deg after laser cut,,CUT nominal; CAM outside offset +0.10 mm; do not cut both; holes require inner CAM compensation if needed
Catamaran,Catamaran_sheet3,3,CAT-STARBOARD-BOTTOM-02,1,20,90,830,196.784662,150,170,25500,0,edge 0: Longitudinal chine mating edges; bevel-machine to 15 deg after laser cut | edge 2: Longitudinal chine mating edges; bevel-machine to 15 deg after laser cut,,CUT nominal; CAM outside offset +0.10 mm; do not cut both; holes require inner CAM compensation if needed
Catamaran,Catamaran_sheet3,3,CAT-STARBOARD-BOTTOM-03,1,20,0,308,342.611713,170,150,25500,0,edge 0: Longitudinal chine mating edges; bevel-machine to 15 deg after laser cut | edge 2: Longitudinal chine mating edges; bevel-machine to 15 deg after laser cut,,CUT nominal; CAM outside offset +0.10 mm; do not cut both; holes require inner CAM compensation if needed
Catamaran,Catamaran_sheet3,3,CAT-STARBOARD-BOTTOM-04,1,20,0,482,350.784662,170,150,25500,0,edge 0: Longitudinal chine mating edges; bevel-machine to 15 deg after laser cut | edge 2: Longitudinal chine mating edges; bevel-machine to 15 deg after laser cut,,CUT nominal; CAM outside offset +0.10 mm; do not cut both; holes require inner CAM compensation if needed
Catamaran,Catamaran_sheet3,3,CAT-PORT-BULKHEAD-05,1,20,0,656,370.784662,200.909091,120,23298.5446,0,edge 0: Section bulkhead mating perimeter; bevel as required for shell angle,,CUT nominal; CAM outside offset +0.10 mm; do not cut both; holes require inner CAM compensation if needed
Catamaran,Catamaran_sheet3,3,CAT-STARBOARD-BULKHEAD-05,1,20,0,20,390.073395,200.909091,120,23298.5446,0,edge 0: Section bulkhead mating perimeter; bevel as required for shell angle,,CUT nominal; CAM outside offset +0.10 mm; do not cut both; holes require inner CAM compensation if needed
Catamaran,Catamaran_sheet3,3,CAT-PORT-BOTTOM-06,1,20,90,860.909091,370.784662,87.823931,175.971917,7727.27275,0,edge 0: Longitudinal chine mating edges; bevel-machine to 15 deg after laser cut | edge 2: Longitudinal chine mating edges; bevel-machine to 15 deg after laser cut,,CUT nominal; CAM outside offset +0.10 mm; do not cut both; holes require inner CAM compensation if needed
Catamaran,Catamaran_sheet3,3,CAT-PORT-BOTTOM-01,1,20,0,224.909091,390.073395,50,150,7500,0,edge 0: Longitudinal chine mating edges; bevel-machine to 15 deg after laser cut | edge 2: Longitudinal chine mating edges; bevel-machine to 15 deg after laser cut,,CUT nominal; CAM outside offset +0.10 mm; do not cut both; holes require inner CAM compensation if needed
Catamaran,Catamaran_sheet3,3,CAT-STARBOARD-BOTTOM-01,1,20,90,656,494.784662,150,50,7500,0,edge 0: Longitudinal chine mating edges; bevel-machine to 15 deg after laser cut | edge 2: Longitudinal chine mating edges; bevel-machine to 15 deg after laser cut,,CUT nominal; CAM outside offset +0.10 mm; do not cut both; holes require inner CAM compensation if needed
Catamaran,Catamaran_sheet3,3,CAT-PORT-SIDE-PORT-01,1,20,0,879.563133,45,50,125.262794,6263.1397,0,edge 0: Bottom chine mating edge; bevel-machine after nominal cut,,CUT nominal; CAM outside offset +0.10 mm; do not cut both; holes require inner CAM compensation if needed
Catamaran,Catamaran_sheet3,3,CAT-PORT-SIDE-STARBOARD-01,1,20,0,278.909091,496.611713,125.262794,50,6263.1397,0,edge 0: Bottom chine mating edge; bevel-machine after nominal cut,,CUT nominal; CAM outside offset +0.10 mm; do not cut both; holes require inner CAM compensation if needed
Catamaran,Catamaran_sheet3,3,CAT-STARBOARD-CHINE-PORT-01,1,20,90,408.171885,496.611713,56.94019,50,2847.0095,0,edge 0: Mates flat bottom and vertical side; post-laser bevel to 15 deg | edge 2: Mates flat bottom and vertical side; post-laser bevel to 15 deg,,CUT nominal; CAM outside offset +0.10 mm; do not cut both; holes require inner CAM compensation if needed
Catamaran,Catamaran_sheet4,4,CAT-PORT-SIDE-PORT-05,1,20,0,20,45,172.548352,125.262794,21613.8887,0,edge 0: Bottom chine mating edge; bevel-machine after nominal cut,,CUT nominal; CAM outside offset +0.10 mm; do not cut both; holes require inner CAM compensation if needed
Catamaran,Catamaran_sheet4,4,CAT-PORT-SIDE-STARBOARD-05,1,20,0,196.548352,45,125.262794,172.548352,21613.8887,0,edge 0: Bottom chine mating edge; bevel-machine after nominal cut,,CUT nominal; CAM outside offset +0.10 mm; do not cut both; holes require inner CAM compensation if needed
Catamaran,Catamaran_sheet4,4,CAT-STARBOARD-SIDE-PORT-05,1,20,0,325.811146,45,172.548352,125.262794,21613.8887,0,edge 0: Bottom chine mating edge; bevel-machine after nominal cut,,CUT nominal; CAM outside offset +0.10 mm; do not cut both; holes require inner CAM compensation if needed
Catamaran,Catamaran_sheet4,4,CAT-STARBOARD-SIDE-STARBOARD-05,1,20,0,502.359498,45,125.262794,172.548352,21613.8887,0,edge 0: Bottom chine mating edge; bevel-machine after nominal cut,,CUT nominal; CAM outside offset +0.10 mm; do not cut both; holes require inner CAM compensation if needed
Catamaran,Catamaran_sheet4,4,CAT-PORT-SIDE-PORT-02,1,20,0,631.622292,45,170,125.262794,21294.675,0,edge 0: Bottom chine mating edge; bevel-machine after nominal cut,,CUT nominal; CAM outside offset +0.10 mm; do not cut both; holes require inner CAM compensation if needed
Catamaran,Catamaran_sheet4,4,CAT-PORT-SIDE-PORT-03,1,20,0,805.622292,45,170,125.262794,21294.675,0,edge 0: Bottom chine mating edge; bevel-machine after nominal cut,,CUT nominal; CAM outside offset +0.10 mm; do not cut both; holes require inner CAM compensation if needed
Catamaran,Catamaran_sheet4,4,CAT-PORT-SIDE-PORT-04,1,20,0,20,174.262794,170,125.262794,21294.675,0,edge 0: Bottom chine mating edge; bevel-machine after nominal cut,,CUT nominal; CAM outside offset +0.10 mm; do not cut both; holes require inner CAM compensation if needed
Catamaran,Catamaran_sheet4,4,CAT-PORT-SIDE-STARBOARD-02,1,20,0,325.811146,174.262794,125.262794,170,21294.675,0,edge 0: Bottom chine mating edge; bevel-machine after nominal cut,,CUT nominal; CAM outside offset +0.10 mm; do not cut both; holes require inner CAM compensation if needed
Catamaran,Catamaran_sheet4,4,CAT-PORT-SIDE-STARBOARD-03,1,20,0,631.622292,174.262794,125.262794,170,21294.675,0,edge 0: Bottom chine mating edge; bevel-machine after nominal cut,,CUT nominal; CAM outside offset +0.10 mm; do not cut both; holes require inner CAM compensation if needed
Catamaran,Catamaran_sheet4,4,CAT-PORT-SIDE-STARBOARD-04,1,20,0,760.885086,174.262794,125.262794,170,21294.675,0,edge 0: Bottom chine mating edge; bevel-machine after nominal cut,,CUT nominal; CAM outside offset +0.10 mm; do not cut both; holes require inner CAM compensation if needed
Catamaran,Catamaran_sheet4,4,CAT-STARBOARD-SIDE-PORT-02,1,20,90,194,221.548352,125.262794,170,21294.675,0,edge 0: Bottom chine mating edge; bevel-machine after nominal cut,,CUT nominal; CAM outside offset +0.10 mm; do not cut both; holes require inner CAM compensation if needed
Catamaran,Catamaran_sheet4,4,CAT-STARBOARD-SIDE-PORT-03,1,20,0,455.07394,221.548352,170,125.262794,21294.675,0,edge 0: Bottom chine mating edge; bevel-machine after nominal cut,,CUT nominal; CAM outside offset +0.10 mm; do not cut both; holes require inner CAM compensation if needed
Catamaran,Catamaran_sheet4,4,CAT-STARBOARD-SIDE-PORT-04,1,20,0,20,303.525588,170,125.262794,21294.675,0,edge 0: Bottom chine mating edge; bevel-machine after nominal cut,,CUT nominal; CAM outside offset +0.10 mm; do not cut both; holes require inner CAM compensation if needed
Catamaran,Catamaran_sheet4,4,CAT-STARBOARD-SIDE-STARBOARD-02,1,20,0,323.262794,348.262794,125.262794,170,21294.675,0,edge 0: Bottom chine mating edge; bevel-machine after nominal cut,,CUT nominal; CAM outside offset +0.10 mm; do not cut both; holes require inner CAM compensation if needed
Catamaran,Catamaran_sheet4,4,CAT-STARBOARD-SIDE-STARBOARD-03,1,20,0,629.07394,348.262794,125.262794,170,21294.675,0,edge 0: Bottom chine mating edge; bevel-machine after nominal cut,,CUT nominal; CAM outside offset +0.10 mm; do not cut both; holes require inner CAM compensation if needed
Catamaran,Catamaran_sheet4,4,CAT-STARBOARD-SIDE-STARBOARD-04,1,20,0,758.336734,348.262794,125.262794,170,21294.675,0,edge 0: Bottom chine mating edge; bevel-machine after nominal cut,,CUT nominal; CAM outside offset +0.10 mm; do not cut both; holes require inner CAM compensation if needed
Catamaran,Catamaran_sheet4,4,CAT-STARBOARD-BOTTOM-06,1,20,90,890.14788,174.262794,87.823931,175.971917,7727.27275,0,edge 0: Longitudinal chine mating edges; bevel-machine to 15 deg after laser cut | edge 2: Longitudinal chine mating edges; bevel-machine to 15 deg after laser cut,,CUT nominal; CAM outside offset +0.10 mm; do not cut both; holes require inner CAM compensation if needed
Catamaran,Catamaran_sheet4,4,CAT-STARBOARD-CHINE-STARBOARD-05,1,20,0,452.525588,350.811146,85.478908,170.1719,9689.62032,0,edge 0: Mates flat bottom and vertical side; post-laser bevel to 15 deg | edge 2: Mates flat bottom and vertical side; post-laser bevel to 15 deg,,CUT nominal; CAM outside offset +0.10 mm; do not cut both; holes require inner CAM compensation if needed
Catamaran,Catamaran_sheet4,4,CAT-STARBOARD-CHINE-PORT-05,1,20,90,542.004496,350.811146,56.155971,181.966002,9689.62025,0,edge 0: Mates flat bottom and vertical side; post-laser bevel to 15 deg | edge 2: Mates flat bottom and vertical side; post-laser bevel to 15 deg,,CUT nominal; CAM outside offset +0.10 mm; do not cut both; holes require inner CAM compensation if needed
Catamaran,Catamaran_sheet4,4,CAT-PORT-CHINE-PORT-02,1,20,90,887.599528,354.234711,56.94019,170,9679.8323,0,edge 0: Mates flat bottom and vertical side; post-laser bevel to 15 deg | edge 2: Mates flat bottom and vertical side; post-laser bevel to 15 deg,,CUT nominal; CAM outside offset +0.10 mm; do not cut both; holes require inner CAM compensation if needed
Catamaran,Catamaran_sheet4,4,CAT-PORT-CHINE-PORT-03,1,20,0,20,432.788382,170,56.94019,9679.8323,0,edge 0: Mates flat bottom and vertical side; post-laser bevel to 15 deg | edge 2: Mates flat bottom and vertical side; post-laser bevel to 15 deg,,CUT nominal; CAM outside offset +0.10 mm; do not cut both; holes require inner CAM compensation if needed
Catamaran,Catamaran_sheet4,4,CAT-STARBOARD-SIDE-PORT-01,1,20,0,194,395.548352,50,125.262794,6263.1397,0,edge 0: Bottom chine mating edge; bevel-machine after nominal cut,,CUT nominal; CAM outside offset +0.10 mm; do not cut both; holes require inner CAM compensation if needed
Catamaran,Catamaran_sheet4,4,CAT-STARBOARD-SIDE-STARBOARD-01,1,20,90,248,395.548352,50,125.262794,6263.1397,0,edge 0: Bottom chine mating edge; bevel-machine after nominal cut,,CUT nominal; CAM outside offset +0.10 mm; do not cut both; holes require inner CAM compensation if needed
Catamaran,Catamaran_sheet4,4,CAT-STARBOARD-CHINE-STARBOARD-01,1,20,0,20,493.728572,56.94019,50,2847.0095,0,edge 0: Mates flat bottom and vertical side; post-laser bevel to 15 deg | edge 2: Mates flat bottom and vertical side; post-laser bevel to 15 deg,,CUT nominal; CAM outside offset +0.10 mm; do not cut both; holes require inner CAM compensation if needed
Catamaran,Catamaran_sheet5,5,CAT-PORT-CHINE-PORT-04,1,20,0,20,45,170,56.94019,9679.8323,0,edge 0: Mates flat bottom and vertical side; post-laser bevel to 15 deg | edge 2: Mates flat bottom and vertical side; post-laser bevel to 15 deg,,CUT nominal; CAM outside offset +0.10 mm; do not cut both; holes require inner CAM compensation if needed
Catamaran,Catamaran_sheet5,5,CAT-PORT-CHINE-STARBOARD-02,1,20,0,194,45,56.94019,170,9679.8323,0,edge 0: Mates flat bottom and vertical side; post-laser bevel to 15 deg | edge 2: Mates flat bottom and vertical side; post-laser bevel to 15 deg,,CUT nominal; CAM outside offset +0.10 mm; do not cut both; holes require inner CAM compensation if needed
Catamaran,Catamaran_sheet5,5,CAT-PORT-CHINE-STARBOARD-03,1,20,0,254.94019,45,56.94019,170,9679.8323,0,edge 0: Mates flat bottom and vertical side; post-laser bevel to 15 deg | edge 2: Mates flat bottom and vertical side; post-laser bevel to 15 deg,,CUT nominal; CAM outside offset +0.10 mm; do not cut both; holes require inner CAM compensation if needed
Catamaran,Catamaran_sheet5,5,CAT-PORT-CHINE-STARBOARD-04,1,20,0,315.88038,45,56.94019,170,9679.8323,0,edge 0: Mates flat bottom and vertical side; post-laser bevel to 15 deg | edge 2: Mates flat bottom and vertical side; post-laser bevel to 15 deg,,CUT nominal; CAM outside offset +0.10 mm; do not cut both; holes require inner CAM compensation if needed
Catamaran,Catamaran_sheet5,5,CAT-STARBOARD-CHINE-PORT-02,1,20,0,376.82057,45,170,56.94019,9679.8323,0,edge 0: Mates flat bottom and vertical side; post-laser bevel to 15 deg | edge 2: Mates flat bottom and vertical side; post-laser bevel to 15 deg,,CUT nominal; CAM outside offset +0.10 mm; do not cut both; holes require inner CAM compensation if needed
Catamaran,Catamaran_sheet5,5,CAT-STARBOARD-CHINE-PORT-03,1,20,0,550.82057,45,170,56.94019,9679.8323,0,edge 0: Mates flat bottom and vertical side; post-laser bevel to 15 deg | edge 2: Mates flat bottom and vertical side; post-laser bevel to 15 deg,,CUT nominal; CAM outside offset +0.10 mm; do not cut both; holes require inner CAM compensation if needed
Catamaran,Catamaran_sheet5,5,CAT-STARBOARD-CHINE-PORT-04,1,20,0,724.82057,45,170,56.94019,9679.8323,0,edge 0: Mates flat bottom and vertical side; post-laser bevel to 15 deg | edge 2: Mates flat bottom and vertical side; post-laser bevel to 15 deg,,CUT nominal; CAM outside offset +0.10 mm; do not cut both; holes require inner CAM compensation if needed
Catamaran,Catamaran_sheet5,5,CAT-STARBOARD-CHINE-STARBOARD-02,1,20,0,898.82057,45,56.94019,170,9679.8323,0,edge 0: Mates flat bottom and vertical side; post-laser bevel to 15 deg | edge 2: Mates flat bottom and vertical side; post-laser bevel to 15 deg,,CUT nominal; CAM outside offset +0.10 mm; do not cut both; holes require inner CAM compensation if needed
Catamaran,Catamaran_sheet5,5,CAT-STARBOARD-CHINE-STARBOARD-03,1,20,0,20,105.94019,56.94019,170,9679.8323,0,edge 0: Mates flat bottom and vertical side; post-laser bevel to 15 deg | edge 2: Mates flat bottom and vertical side; post-laser bevel to 15 deg,,CUT nominal; CAM outside offset +0.10 mm; do not cut both; holes require inner CAM compensation if needed
Catamaran,Catamaran_sheet5,5,CAT-STARBOARD-CHINE-STARBOARD-04,1,20,0,80.94019,105.94019,56.94019,170,9679.8323,0,edge 0: Mates flat bottom and vertical side; post-laser bevel to 15 deg | edge 2: Mates flat bottom and vertical side; post-laser bevel to 15 deg,,CUT nominal; CAM outside offset +0.10 mm; do not cut both; holes require inner CAM compensation if needed
Trimaran,Trimaran_sheet1,1,TRI-MAIN-DECK-05,1,20,0,20,45,237.522205,285.159182,41555.5556,0,edge 0: Removable deck support edge; keep CUT outline nominal,,CUT nominal; CAM outside offset +0.10 mm; do not cut both; holes require inner CAM compensation if needed
Trimaran,Trimaran_sheet1,1,TRI-MAIN-DECK-02,1,20,0,261.522205,45,170,300,51000,0,edge 0: Removable deck support edge; keep CUT outline nominal,,CUT nominal; CAM outside offset +0.10 mm; do not cut both; holes require inner CAM compensation if needed
Trimaran,Trimaran_sheet1,1,TRI-MAIN-DECK-03,1,20,0,435.522205,45,170,300,51000,0,edge 0: Removable deck support edge; keep CUT outline nominal,,CUT nominal; CAM outside offset +0.10 mm; do not cut both; holes require inner CAM compensation if needed
Trimaran,Trimaran_sheet1,1,TRI-MAIN-DECK-04,1,20,0,609.522205,45,170,300,51000,0,edge 0: Removable deck support edge; keep CUT outline nominal,,CUT nominal; CAM outside offset +0.10 mm; do not cut both; holes require inner CAM compensation if needed
Trimaran,Trimaran_sheet1,1,TRI-MAIN-TRANSOM-01,1,20,90,783.522205,45,140,300,41189.4537,0,edge 1: Transom-to-bottom and side butt joint; post-laser bevel,,CUT nominal; CAM outside offset +0.10 mm; do not cut both; holes require inner CAM compensation if needed
Trimaran,Trimaran_sheet1,1,TRI-MAIN-BOTTOM-05,1,20,0,20,334.159182,203.352804,180.600815,22855.5555,0,edge 0: Longitudinal chine mating edges; bevel-machine to 15 deg after laser cut | edge 2: Longitudinal chine mating edges; bevel-machine to 15 deg after laser cut,,CUT nominal; CAM outside offset +0.10 mm; do not cut both; holes require inner CAM compensation if needed
Trimaran,Trimaran_sheet1,1,TRI-MAIN-BULKHEAD-01,1,20,0,227.352804,349,300,120,35189.4537,0,edge 0: Section bulkhead mating perimeter; bevel as required for shell angle,,CUT nominal; CAM outside offset +0.10 mm; do not cut both; holes require inner CAM compensation if needed
Trimaran,Trimaran_sheet1,1,TRI-MAIN-BULKHEAD-02,1,20,0,531.352804,349,300,120,35189.4537,0,edge 0: Section bulkhead mating perimeter; bevel as required for shell angle,,CUT nominal; CAM outside offset +0.10 mm; do not cut both; holes require inner CAM compensation if needed
Trimaran,Trimaran_sheet1,1,TRI-MAIN-SIDE-STARBOARD-06,1,20,0,835.352804,349,140,194.473014,25793.2275,0,edge 0: Bottom chine mating edge; bevel-machine after nominal cut,,CUT nominal; CAM outside offset +0.10 mm; do not cut both; holes require inner CAM compensation if needed
Trimaran,Trimaran_sheet1,1,TRI-MAIN-DECK-01,1,20,0,927.522205,45,50,300,15000,0,edge 0: Removable deck support edge; keep CUT outline nominal,,CUT nominal; CAM outside offset +0.10 mm; do not cut both; holes require inner CAM compensation if needed
Trimaran,Trimaran_sheet1,1,TRI-MAIN-BOTTOM-06,1,20,0,227.352804,473,174.516086,76.847421,6705.55557,0,edge 0: Longitudinal chine mating edges; bevel-machine to 15 deg after laser cut | edge 2: Longitudinal chine mating edges; bevel-machine to 15 deg after laser cut,,CUT nominal; CAM outside offset +0.10 mm; do not cut both; holes require inner CAM compensation if needed
Trimaran,Trimaran_sheet1,1,TRI-MAIN-CHINE-PORT-05,1,20,0,405.86889,473,195.932177,54.316648,9714.39543,0,edge 0: Mates flat bottom and vertical side; post-laser bevel to 15 deg | edge 2: Mates flat bottom and vertical side; post-laser bevel to 15 deg,,CUT nominal; CAM outside offset +0.10 mm; do not cut both; holes require inner CAM compensation if needed
Trimaran,Trimaran_sheet1,1,TRI-MAIN-CHINE-PORT-06,1,20,0,605.801067,473,186.947286,55.566631,4848.63548,0,edge 0: Mates flat bottom and vertical side; post-laser bevel to 15 deg | edge 2: Mates flat bottom and vertical side; post-laser bevel to 15 deg,,CUT nominal; CAM outside offset +0.10 mm; do not cut both; holes require inner CAM compensation if needed
Trimaran,Trimaran_sheet1,1,TRI-AMA-PORT-CHINE-PORT-02,1,20,0,20,518.759997,170,25.881905,4399.92385,0,edge 0: Mates flat bottom and vertical side; post-laser bevel to 15 deg | edge 2: Mates flat bottom and vertical side; post-laser bevel to 15 deg,,CUT nominal; CAM outside offset +0.10 mm; do not cut both; holes require inner CAM compensation if needed
Trimaran,Trimaran_sheet1,1,TRI-AMA-PORT-CHINE-PORT-01,1,20,90,796.748353,473,25.881905,50,1294.09525,0,edge 0: Mates flat bottom and vertical side; post-laser bevel to 15 deg | edge 2: Mates flat bottom and vertical side; post-laser bevel to 15 deg,,CUT nominal; CAM outside offset +0.10 mm; do not cut both; holes require inner CAM compensation if needed
Trimaran,Trimaran_sheet1,1,TRIMARAN-CONNECTOR-PORT-01,1,20,0,194,518.759997,20,25,500,0,"edge 0: Deck connector end; post-laser fit/bevel, no shell overlap",,CUT nominal; CAM outside offset +0.10 mm; do not cut both; holes require inner CAM compensation if needed
Trimaran,Trimaran_sheet1,1,TRIMARAN-CONNECTOR-PORT-02,1,20,90,796.748353,527,25,20,500,0,"edge 0: Deck connector end; post-laser fit/bevel, no shell overlap",,CUT nominal; CAM outside offset +0.10 mm; do not cut both; holes require inner CAM compensation if needed
Trimaran,Trimaran_sheet2,2,TRI-MAIN-BULKHEAD-03,1,20,0,20,45,300,120,35189.4537,0,edge 0: Section bulkhead mating perimeter; bevel as required for shell angle,,CUT nominal; CAM outside offset +0.10 mm; do not cut both; holes require inner CAM compensation if needed
Trimaran,Trimaran_sheet2,2,TRI-MAIN-BULKHEAD-04,1,20,0,324,45,300,120,35189.4537,0,edge 0: Section bulkhead mating perimeter; bevel as required for shell angle,,CUT nominal; CAM outside offset +0.10 mm; do not cut both; holes require inner CAM compensation if needed
Trimaran,Trimaran_sheet2,2,TRI-MAIN-BOTTOM-02,1,20,0,628,45,170,190,32300,0,edge 0: Longitudinal chine mating edges; bevel-machine to 15 deg after laser cut | edge 2: Longitudinal chine mating edges; bevel-machine to 15 deg after laser cut,,CUT nominal; CAM outside offset +0.10 mm; do not cut both; holes require inner CAM compensation if needed
Trimaran,Trimaran_sheet2,2,TRI-MAIN-BOTTOM-03,1,20,0,802,45,170,190,32300,0,edge 0: Longitudinal chine mating edges; bevel-machine to 15 deg after laser cut | edge 2: Longitudinal chine mating edges; bevel-machine to 15 deg after laser cut,,CUT nominal; CAM outside offset +0.10 mm; do not cut both; holes require inner CAM compensation if needed
Trimaran,Trimaran_sheet2,2,TRI-MAIN-BOTTOM-04,1,20,0,20,169,170,190,32300,0,edge 0: Longitudinal chine mating edges; bevel-machine to 15 deg after laser cut | edge 2: Longitudinal chine mating edges; bevel-machine to 15 deg after laser cut,,CUT nominal; CAM outside offset +0.10 mm; do not cut both; holes require inner CAM compensation if needed
Trimaran,Trimaran_sheet2,2,TRI-MAIN-DECK-06,1,20,0,194,169,194.473014,165.118597,16055.5556,0,edge 0: Removable deck support edge; keep CUT outline nominal,,CUT nominal; CAM outside offset +0.10 mm; do not cut both; holes require inner CAM compensation if needed
Trimaran,Trimaran_sheet2,2,TRI-MAIN-SIDE-PORT-06,1,20,0,392.473014,169,204.49591,139.599738,25793.2275,0,edge 0: Bottom chine mating edge; bevel-machine after nominal cut,,CUT nominal; CAM outside offset +0.10 mm; do not cut both; holes require inner CAM compensation if needed
Trimaran,Trimaran_sheet2,2,TRI-MAIN-BULKHEAD-05,1,20,0,600.968924,239,188.888889,120,21856.1204,0,edge 0: Section bulkhead mating perimeter; bevel as required for shell angle,,CUT nominal; CAM outside offset +0.10 mm; do not cut both; holes require inner CAM compensation if needed
Trimaran,Trimaran_sheet2,2,TRI-MAIN-SIDE-PORT-05,1,20,0,793.857813,239,178.847476,125.262794,22402.9345,0,edge 0: Bottom chine mating edge; bevel-machine after nominal cut,,CUT nominal; CAM outside offset +0.10 mm; do not cut both; holes require inner CAM compensation if needed
Trimaran,Trimaran_sheet2,2,TRI-MAIN-SIDE-STARBOARD-05,1,20,0,392.473014,312.599738,125.262794,178.847476,22402.9345,0,edge 0: Bottom chine mating edge; bevel-machine after nominal cut,,CUT nominal; CAM outside offset +0.10 mm; do not cut both; holes require inner CAM compensation if needed
Trimaran,Trimaran_sheet2,2,TRI-MAIN-SIDE-PORT-02,1,20,0,194,338.118597,170,125.262794,21294.675,0,edge 0: Bottom chine mating edge; bevel-machine after nominal cut,,CUT nominal; CAM outside offset +0.10 mm; do not cut both; holes require inner CAM compensation if needed
Trimaran,Trimaran_sheet2,2,TRI-MAIN-SIDE-PORT-03,1,20,0,20,363,170,125.262794,21294.675,0,edge 0: Bottom chine mating edge; bevel-machine after nominal cut,,CUT nominal; CAM outside offset +0.10 mm; do not cut both; holes require inner CAM compensation if needed
Trimaran,Trimaran_sheet2,2,TRI-MAIN-SIDE-PORT-04,1,20,0,521.735808,363,170,125.262794,21294.675,0,edge 0: Bottom chine mating edge; bevel-machine after nominal cut,,CUT nominal; CAM outside offset +0.10 mm; do not cut both; holes require inner CAM compensation if needed
Trimaran,Trimaran_sheet2,2,TRI-MAIN-SIDE-STARBOARD-02,1,20,0,695.735808,368.262794,125.262794,170,21294.675,0,edge 0: Bottom chine mating edge; bevel-machine after nominal cut,,CUT nominal; CAM outside offset +0.10 mm; do not cut both; holes require inner CAM compensation if needed
Trimaran,Trimaran_sheet2,2,TRI-MAIN-SIDE-STARBOARD-03,1,20,0,824.998602,368.262794,125.262794,170,21294.675,0,edge 0: Bottom chine mating edge; bevel-machine after nominal cut,,CUT nominal; CAM outside offset +0.10 mm; do not cut both; holes require inner CAM compensation if needed
Trimaran,Trimaran_sheet2,2,TRI-MAIN-CHINE-PORT-02,1,20,0,194,467.381391,170,56.94019,9679.8323,0,edge 0: Mates flat bottom and vertical side; post-laser bevel to 15 deg | edge 2: Mates flat bottom and vertical side; post-laser bevel to 15 deg,,CUT nominal; CAM outside offset +0.10 mm; do not cut both; holes require inner CAM compensation if needed
Trimaran,Trimaran_sheet2,2,TRI-MAIN-CHINE-PORT-03,1,20,0,20,492.262794,170,56.94019,9679.8323,0,edge 0: Mates flat bottom and vertical side; post-laser bevel to 15 deg | edge 2: Mates flat bottom and vertical side; post-laser bevel to 15 deg,,CUT nominal; CAM outside offset +0.10 mm; do not cut both; holes require inner CAM compensation if needed
Trimaran,Trimaran_sheet2,2,TRI-MAIN-CHINE-PORT-04,1,20,0,521.735808,492.262794,170,56.94019,9679.8323,0,edge 0: Mates flat bottom and vertical side; post-laser bevel to 15 deg | edge 2: Mates flat bottom and vertical side; post-laser bevel to 15 deg,,CUT nominal; CAM outside offset +0.10 mm; do not cut both; holes require inner CAM compensation if needed
Trimaran,Trimaran_sheet2,2,TRI-MAIN-SIDE-PORT-01,1,20,90,368,495.447214,125.262794,50,6263.1397,0,edge 0: Bottom chine mating edge; bevel-machine after nominal cut,,CUT nominal; CAM outside offset +0.10 mm; do not cut both; holes require inner CAM compensation if needed
Trimaran,Trimaran_sheet2,2,TRI-AMA-PORT-CHINE-PORT-04,1,20,0,954.261396,368.262794,20,174.431062,3488.62124,0,edge 0: Mates flat bottom and vertical side; post-laser bevel to 15 deg | edge 2: Mates flat bottom and vertical side; post-laser bevel to 15 deg,,CUT nominal; CAM outside offset +0.10 mm; do not cut both; holes require inner CAM compensation if needed
Trimaran,Trimaran_sheet2,2,TRI-AMA-PORT-CHINE-STARBOARD-01,1,20,90,521.735808,312.599738,50,25.881905,1294.09525,0,edge 0: Mates flat bottom and vertical side; post-laser bevel to 15 deg | edge 2: Mates flat bottom and vertical side; post-laser bevel to 15 deg,,CUT nominal; CAM outside offset +0.10 mm; do not cut both; holes require inner CAM compensation if needed
Trimaran,Trimaran_sheet2,2,TRI-AMA-PORT-DECK-05,1,20,0,600.968924,169,20,41.514537,830.29074,0,edge 0: Removable deck support edge; keep CUT outline nominal,,CUT nominal; CAM outside offset +0.10 mm; do not cut both; holes require inner CAM compensation if needed
Trimaran,Trimaran_sheet2,2,TRI-AMA-STARBOARD-DECK-05,1,20,0,575.735808,312.599738,20,41.514537,830.29074,0,edge 0: Removable deck support edge; keep CUT outline nominal,,CUT nominal; CAM outside offset +0.10 mm; do not cut both; holes require inner CAM compensation if needed
Trimaran,Trimaran_sheet2,2,TRIMARAN-CONNECTOR-PORT-03,1,20,0,368,338.118597,20,25,500,0,"edge 0: Deck connector end; post-laser fit/bevel, no shell overlap",,CUT nominal; CAM outside offset +0.10 mm; do not cut both; holes require inner CAM compensation if needed
Trimaran,Trimaran_sheet2,2,TRIMARAN-CONNECTOR-PORT-04,1,20,0,368,367.118597,20,25,500,0,"edge 0: Deck connector end; post-laser fit/bevel, no shell overlap",,CUT nominal; CAM outside offset +0.10 mm; do not cut both; holes require inner CAM compensation if needed
Trimaran,Trimaran_sheet2,2,TRIMARAN-CONNECTOR-STARBOARD-01,1,20,0,368,396.118597,20,25,500,0,"edge 0: Deck connector end; post-laser fit/bevel, no shell overlap",,CUT nominal; CAM outside offset +0.10 mm; do not cut both; holes require inner CAM compensation if needed
Trimaran,Trimaran_sheet2,2,TRIMARAN-CONNECTOR-STARBOARD-02,1,20,0,368,425.118597,20,25,500,0,"edge 0: Deck connector end; post-laser fit/bevel, no shell overlap",,CUT nominal; CAM outside offset +0.10 mm; do not cut both; holes require inner CAM compensation if needed
Trimaran,Trimaran_sheet2,2,TRIMARAN-CONNECTOR-STARBOARD-03,1,20,0,368,454.118597,20,25,500,0,"edge 0: Deck connector end; post-laser fit/bevel, no shell overlap",,CUT nominal; CAM outside offset +0.10 mm; do not cut both; holes require inner CAM compensation if needed
Trimaran,Trimaran_sheet2,2,TRIMARAN-CONNECTOR-STARBOARD-04,1,20,0,497.262794,495.447214,20,25,500,0,"edge 0: Deck connector end; post-laser fit/bevel, no shell overlap",,CUT nominal; CAM outside offset +0.10 mm; do not cut both; holes require inner CAM compensation if needed
Trimaran,Trimaran_sheet3,3,TRI-MAIN-SIDE-STARBOARD-04,1,20,0,20,45,125.262794,170,21294.675,0,edge 0: Bottom chine mating edge; bevel-machine after nominal cut,,CUT nominal; CAM outside offset +0.10 mm; do not cut both; holes require inner CAM compensation if needed
Trimaran,Trimaran_sheet3,3,TRI-AMA-PORT-SIDE-PORT-04,1,20,0,149.262794,45,176.635012,106.998426,18339.349,0,edge 0: Bottom chine mating edge; bevel-machine after nominal cut,,CUT nominal; CAM outside offset +0.10 mm; do not cut both; holes require inner CAM compensation if needed
Trimaran,Trimaran_sheet3,3,TRI-AMA-STARBOARD-SIDE-PORT-04,1,20,0,329.897806,45,176.635012,106.998426,18339.349,0,edge 0: Bottom chine mating edge; bevel-machine after nominal cut,,CUT nominal; CAM outside offset +0.10 mm; do not cut both; holes require inner CAM compensation if needed
Trimaran,Trimaran_sheet3,3,TRI-MAIN-CHINE-STARBOARD-05,1,20,0,510.532818,45,110.602736,170.607007,9714.39539,0,edge 0: Mates flat bottom and vertical side; post-laser bevel to 15 deg | edge 2: Mates flat bottom and vertical side; post-laser bevel to 15 deg,,CUT nominal; CAM outside offset +0.10 mm; do not cut both; holes require inner CAM compensation if needed
Trimaran,Trimaran_sheet3,3,TRI-AMA-PORT-SIDE-STARBOARD-04,1,20,0,625.135554,45,107.022787,174.391358,18339.349,0,edge 0: Bottom chine mating edge; bevel-machine after nominal cut,,CUT nominal; CAM outside offset +0.10 mm; do not cut both; holes require inner CAM compensation if needed
Trimaran,Trimaran_sheet3,3,TRI-AMA-STARBOARD-SIDE-STARBOARD-04,1,20,0,736.158341,45,107.022787,174.391358,18339.349,0,edge 0: Bottom chine mating edge; bevel-machine after nominal cut,,CUT nominal; CAM outside offset +0.10 mm; do not cut both; holes require inner CAM compensation if needed
Trimaran,Trimaran_sheet3,3,TRI-AMA-PORT-SIDE-PORT-02,1,20,90,847.181128,45,103.30127,170,17561.2159,0,edge 0: Bottom chine mating edge; bevel-machine after nominal cut,,CUT nominal; CAM outside offset +0.10 mm; do not cut both; holes require inner CAM compensation if needed
Trimaran,Trimaran_sheet3,3,TRI-AMA-PORT-SIDE-PORT-03,1,20,0,149.262794,155.998426,170,103.30127,17561.2159,0,edge 0: Bottom chine mating edge; bevel-machine after nominal cut,,CUT nominal; CAM outside offset +0.10 mm; do not cut both; holes require inner CAM compensation if needed
Trimaran,Trimaran_sheet3,3,TRI-AMA-PORT-SIDE-STARBOARD-02,1,20,0,323.262794,155.998426,103.30127,170,17561.2159,0,edge 0: Bottom chine mating edge; bevel-machine after nominal cut,,CUT nominal; CAM outside offset +0.10 mm; do not cut both; holes require inner CAM compensation if needed
Trimaran,Trimaran_sheet3,3,TRI-AMA-PORT-SIDE-STARBOARD-03,1,20,0,20,219,103.30127,170,17561.2159,0,edge 0: Bottom chine mating edge; bevel-machine after nominal cut,,CUT nominal; CAM outside offset +0.10 mm; do not cut both; holes require inner CAM compensation if needed
Trimaran,Trimaran_sheet3,3,TRI-AMA-STARBOARD-SIDE-PORT-02,1,20,90,847.181128,219,103.30127,170,17561.2159,0,edge 0: Bottom chine mating edge; bevel-machine after nominal cut,,CUT nominal; CAM outside offset +0.10 mm; do not cut both; holes require inner CAM compensation if needed
Trimaran,Trimaran_sheet3,3,TRI-AMA-STARBOARD-SIDE-PORT-03,1,20,0,430.564064,219.607007,170,103.30127,17561.2159,0,edge 0: Bottom chine mating edge; bevel-machine after nominal cut,,CUT nominal; CAM outside offset +0.10 mm; do not cut both; holes require inner CAM compensation if needed
Trimaran,Trimaran_sheet3,3,TRI-AMA-STARBOARD-SIDE-STARBOARD-02,1,20,0,604.564064,223.391358,103.30127,170,17561.2159,0,edge 0: Bottom chine mating edge; bevel-machine after nominal cut,,CUT nominal; CAM outside offset +0.10 mm; do not cut both; holes require inner CAM compensation if needed
Trimaran,Trimaran_sheet3,3,TRI-AMA-STARBOARD-SIDE-STARBOARD-03,1,20,0,711.865334,223.391358,103.30127,170,17561.2159,0,edge 0: Bottom chine mating edge; bevel-machine after nominal cut,,CUT nominal; CAM outside offset +0.10 mm; do not cut both; holes require inner CAM compensation if needed
Trimaran,Trimaran_sheet3,3,TRI-AMA-PORT-DECK-04,1,20,0,127.30127,263.299696,179.346864,97.481895,10388.8889,0,edge 0: Removable deck support edge; keep CUT outline nominal,,CUT nominal; CAM outside offset +0.10 mm; do not cut both; holes require inner CAM compensation if needed
Trimaran,Trimaran_sheet3,3,TRI-AMA-STARBOARD-DECK-04,1,20,90,430.564064,326.908277,97.481895,179.346864,10388.8889,0,edge 0: Removable deck support edge; keep CUT outline nominal,,CUT nominal; CAM outside offset +0.10 mm; do not cut both; holes require inner CAM compensation if needed
Trimaran,Trimaran_sheet3,3,TRI-AMA-PORT-DECK-02,1,20,90,310.648134,329.998426,100,170,17000,0,edge 0: Removable deck support edge; keep CUT outline nominal,,CUT nominal; CAM outside offset +0.10 mm; do not cut both; holes require inner CAM compensation if needed
Trimaran,Trimaran_sheet3,3,TRI-AMA-PORT-DECK-03,1,20,0,127.30127,364.781591,170,100,17000,0,edge 0: Removable deck support edge; keep CUT outline nominal,,CUT nominal; CAM outside offset +0.10 mm; do not cut both; holes require inner CAM compensation if needed
Trimaran,Trimaran_sheet3,3,TRI-AMA-STARBOARD-DECK-02,1,20,0,532.045959,397.391358,170,100,17000,0,edge 0: Removable deck support edge; keep CUT outline nominal,,CUT nominal; CAM outside offset +0.10 mm; do not cut both; holes require inner CAM compensation if needed
Trimaran,Trimaran_sheet3,3,TRI-AMA-STARBOARD-DECK-03,1,20,0,706.045959,397.391358,170,100,17000,0,edge 0: Removable deck support edge; keep CUT outline nominal,,CUT nominal; CAM outside offset +0.10 mm; do not cut both; holes require inner CAM compensation if needed
Trimaran,Trimaran_sheet3,3,TRI-AMA-PORT-TRANSOM-01,1,20,0,20,393,100,110,10832.5318,0,edge 1: Transom-to-bottom and side butt joint; post-laser bevel,,CUT nominal; CAM outside offset +0.10 mm; do not cut both; holes require inner CAM compensation if needed
Trimaran,Trimaran_sheet3,3,TRI-MAIN-CHINE-STARBOARD-02,1,20,90,124,468.781591,170,56.94019,9679.8323,0,edge 0: Mates flat bottom and vertical side; post-laser bevel to 15 deg | edge 2: Mates flat bottom and vertical side; post-laser bevel to 15 deg,,CUT nominal; CAM outside offset +0.10 mm; do not cut both; holes require inner CAM compensation if needed
Trimaran,Trimaran_sheet3,3,TRI-AMA-PORT-BULKHEAD-01,1,20,90,880.045959,393,90,100,8832.53175,0,edge 0: Section bulkhead mating perimeter; bevel as required for shell angle,,CUT nominal; CAM outside offset +0.10 mm; do not cut both; holes require inner CAM compensation if needed
Trimaran,Trimaran_sheet3,3,TRI-AMA-PORT-CHINE-PORT-03,1,20,0,532.045959,501.391358,170,25.881905,4399.92385,0,edge 0: Mates flat bottom and vertical side; post-laser bevel to 15 deg | edge 2: Mates flat bottom and vertical side; post-laser bevel to 15 deg,,CUT nominal; CAM outside offset +0.10 mm; do not cut both; holes require inner CAM compensation if needed
Trimaran,Trimaran_sheet3,3,TRI-AMA-PORT-CHINE-STARBOARD-02,1,20,90,706.045959,501.391358,170,25.881905,4399.92385,0,edge 0: Mates flat bottom and vertical side; post-laser bevel to 15 deg | edge 2: Mates flat bottom and vertical side; post-laser bevel to 15 deg,,CUT nominal; CAM outside offset +0.10 mm; do not cut both; holes require inner CAM compensation if needed
Trimaran,Trimaran_sheet3,3,TRI-AMA-PORT-CHINE-STARBOARD-03,1,20,90,298,510.255141,170,25.881905,4399.92385,0,edge 0: Mates flat bottom and vertical side; post-laser bevel to 15 deg | edge 2: Mates flat bottom and vertical side; post-laser bevel to 15 deg,,CUT nominal; CAM outside offset +0.10 mm; do not cut both; holes require inner CAM compensation if needed
Trimaran,Trimaran_sheet3,3,TRI-AMA-PORT-BULKHEAD-04,1,20,90,880.045959,497,89.809092,43.988173,1966.91983,0,edge 0: Section bulkhead mating perimeter; bevel as required for shell angle,,CUT nominal; CAM outside offset +0.10 mm; do not cut both; holes require inner CAM compensation if needed
Trimaran,Trimaran_sheet3,3,TRI-AMA-PORT-CHINE-STARBOARD-04,1,20,0,954.482398,45,20,174.431062,3488.62124,0,edge 0: Mates flat bottom and vertical side; post-laser bevel to 15 deg | edge 2: Mates flat bottom and vertical side; post-laser bevel to 15 deg,,CUT nominal; CAM outside offset +0.10 mm; do not cut both; holes require inner CAM compensation if needed
Trimaran,Trimaran_sheet3,3,TRI-AMA-STARBOARD-CHINE-PORT-04,1,20,90,20,529.721781,174.431062,20,3488.62124,0,edge 0: Mates flat bottom and vertical side; post-laser bevel to 15 deg | edge 2: Mates flat bottom and vertical side; post-laser bevel to 15 deg,,CUT nominal; CAM outside offset +0.10 mm; do not cut both; holes require inner CAM compensation if needed
Trimaran,Trimaran_sheet3,3,TRI-MAIN-CHINE-PORT-01,1,20,0,430.564064,155.998426,50,56.94019,2847.0095,0,edge 0: Mates flat bottom and vertical side; post-laser bevel to 15 deg | edge 2: Mates flat bottom and vertical side; post-laser bevel to 15 deg,,CUT nominal; CAM outside offset +0.10 mm; do not cut both; holes require inner CAM compensation if needed
Trimaran,Trimaran_sheet3,3,TRI-MAIN-CHINE-STARBOARD-01,1,20,0,532.045959,326.908277,56.94019,50,2847.0095,0,edge 0: Mates flat bottom and vertical side; post-laser bevel to 15 deg | edge 2: Mates flat bottom and vertical side; post-laser bevel to 15 deg,,CUT nominal; CAM outside offset +0.10 mm; do not cut both; holes require inner CAM compensation if needed
Trimaran,Trimaran_sheet3,3,TRI-AMA-STARBOARD-CHINE-PORT-01,1,20,0,472,510.255141,50,25.881905,1294.09525,0,edge 0: Mates flat bottom and vertical side; post-laser bevel to 15 deg | edge 2: Mates flat bottom and vertical side; post-laser bevel to 15 deg,,CUT nominal; CAM outside offset +0.10 mm; do not cut both; holes require inner CAM compensation if needed
Trimaran,Trimaran_sheet4,4,TRI-MAIN-CHINE-STARBOARD-06,1,20,0,20,45,95.040598,170.306263,4848.63549,0,edge 0: Mates flat bottom and vertical side; post-laser bevel to 15 deg | edge 2: Mates flat bottom and vertical side; post-laser bevel to 15 deg,,CUT nominal; CAM outside offset +0.10 mm; do not cut both; holes require inner CAM compensation if needed
Trimaran,Trimaran_sheet4,4,TRI-AMA-STARBOARD-TRANSOM-01,1,20,0,119.040598,45,100,110,10832.5318,0,edge 1: Transom-to-bottom and side butt joint; post-laser bevel,,CUT nominal; CAM outside offset +0.10 mm; do not cut both; holes require inner CAM compensation if needed
Trimaran,Trimaran_sheet4,4,TRI-MAIN-CHINE-STARBOARD-03,1,20,0,223.040598,45,56.94019,170,9679.8323,0,edge 0: Mates flat bottom and vertical side; post-laser bevel to 15 deg | edge 2: Mates flat bottom and vertical side; post-laser bevel to 15 deg,,CUT nominal; CAM outside offset +0.10 mm; do not cut both; holes require inner CAM compensation if needed
Trimaran,Trimaran_sheet4,4,TRI-MAIN-CHINE-STARBOARD-04,1,20,0,283.980788,45,56.94019,170,9679.8323,0,edge 0: Mates flat bottom and vertical side; post-laser bevel to 15 deg | edge 2: Mates flat bottom and vertical side; post-laser bevel to 15 deg,,CUT nominal; CAM outside offset +0.10 mm; do not cut both; holes require inner CAM compensation if needed
Trimaran,Trimaran_sheet4,4,TRI-MAIN-BOTTOM-01,1,20,0,344.920978,45,50,190,9500,0,edge 0: Longitudinal chine mating edges; bevel-machine to 15 deg after laser cut | edge 2: Longitudinal chine mating edges; bevel-machine to 15 deg after laser cut,,CUT nominal; CAM outside offset +0.10 mm; do not cut both; holes require inner CAM compensation if needed
Trimaran,Trimaran_sheet4,4,TRI-AMA-PORT-BULKHEAD-02,1,20,0,398.920978,45,100,90,8832.53175,0,edge 0: Section bulkhead mating perimeter; bevel as required for shell angle,,CUT nominal; CAM outside offset +0.10 mm; do not cut both; holes require inner CAM compensation if needed
Trimaran,Trimaran_sheet4,4,TRI-AMA-PORT-BULKHEAD-03,1,20,0,502.920978,45,100,90,8832.53175,0,edge 0: Section bulkhead mating perimeter; bevel as required for shell angle,,CUT nominal; CAM outside offset +0.10 mm; do not cut both; holes require inner CAM compensation if needed
Trimaran,Trimaran_sheet4,4,TRI-AMA-STARBOARD-BULKHEAD-01,1,20,0,606.920978,45,100,90,8832.53175,0,edge 0: Section bulkhead mating perimeter; bevel as required for shell angle,,CUT nominal; CAM outside offset +0.10 mm; do not cut both; holes require inner CAM compensation if needed
Trimaran,Trimaran_sheet4,4,TRI-AMA-STARBOARD-BULKHEAD-02,1,20,0,710.920978,45,100,90,8832.53175,0,edge 0: Section bulkhead mating perimeter; bevel as required for shell angle,,CUT nominal; CAM outside offset +0.10 mm; do not cut both; holes require inner CAM compensation if needed
Trimaran,Trimaran_sheet4,4,TRI-AMA-STARBOARD-BULKHEAD-03,1,20,0,814.920978,45,100,90,8832.53175,0,edge 0: Section bulkhead mating perimeter; bevel as required for shell angle,,CUT nominal; CAM outside offset +0.10 mm; do not cut both; holes require inner CAM compensation if needed
Trimaran,Trimaran_sheet4,4,TRI-AMA-PORT-BOTTOM-04,1,20,90,918.920978,45,49.467957,171.828403,4250.00003,0,edge 0: Longitudinal chine mating edges; bevel-machine to 15 deg after laser cut | edge 2: Longitudinal chine mating edges; bevel-machine to 15 deg after laser cut,,CUT nominal; CAM outside offset +0.10 mm; do not cut both; holes require inner CAM compensation if needed
Trimaran,Trimaran_sheet4,4,TRI-AMA-STARBOARD-BOTTOM-04,1,20,0,398.920978,139,171.828403,49.467957,4250.00003,0,edge 0: Longitudinal chine mating edges; bevel-machine to 15 deg after laser cut | edge 2: Longitudinal chine mating edges; bevel-machine to 15 deg after laser cut,,CUT nominal; CAM outside offset +0.10 mm; do not cut both; holes require inner CAM compensation if needed
Trimaran,Trimaran_sheet4,4,TRI-AMA-PORT-BOTTOM-02,1,20,0,574.749381,139,170,50,8500,0,edge 0: Longitudinal chine mating edges; bevel-machine to 15 deg after laser cut | edge 2: Longitudinal chine mating edges; bevel-machine to 15 deg after laser cut,,CUT nominal; CAM outside offset +0.10 mm; do not cut both; holes require inner CAM compensation if needed
Trimaran,Trimaran_sheet4,4,TRI-AMA-PORT-BOTTOM-03,1,20,90,748.749381,139,50,170,8500,0,edge 0: Longitudinal chine mating edges; bevel-machine to 15 deg after laser cut | edge 2: Longitudinal chine mating edges; bevel-machine to 15 deg after laser cut,,CUT nominal; CAM outside offset +0.10 mm; do not cut both; holes require inner CAM compensation if needed
Trimaran,Trimaran_sheet4,4,TRI-AMA-STARBOARD-BOTTOM-02,1,20,90,802.749381,139,50,170,8500,0,edge 0: Longitudinal chine mating edges; bevel-machine to 15 deg after laser cut | edge 2: Longitudinal chine mating edges; bevel-machine to 15 deg after laser cut,,CUT nominal; CAM outside offset +0.10 mm; do not cut both; holes require inner CAM compensation if needed
Trimaran,Trimaran_sheet4,4,TRI-AMA-STARBOARD-BOTTOM-03,1,20,90,856.749381,139,50,170,8500,0,edge 0: Longitudinal chine mating edges; bevel-machine to 15 deg after laser cut | edge 2: Longitudinal chine mating edges; bevel-machine to 15 deg after laser cut,,CUT nominal; CAM outside offset +0.10 mm; do not cut both; holes require inner CAM compensation if needed
Trimaran,Trimaran_sheet4,4,TRI-MAIN-SIDE-STARBOARD-01,1,20,90,119.040598,159,50,125.262794,6263.1397,0,edge 0: Bottom chine mating edge; bevel-machine after nominal cut,,CUT nominal; CAM outside offset +0.10 mm; do not cut both; holes require inner CAM compensation if needed
Trimaran,Trimaran_sheet4,4,TRI-AMA-PORT-SIDE-PORT-01,1,20,0,398.920978,192.467957,50,103.30127,5165.0635,0,edge 0: Bottom chine mating edge; bevel-machine after nominal cut,,CUT nominal; CAM outside offset +0.10 mm; do not cut both; holes require inner CAM compensation if needed
Trimaran,Trimaran_sheet4,4,TRI-AMA-PORT-SIDE-STARBOARD-01,1,20,0,452.920978,192.467957,103.30127,50,5165.0635,0,edge 0: Bottom chine mating edge; bevel-machine after nominal cut,,CUT nominal; CAM outside offset +0.10 mm; do not cut both; holes require inner CAM compensation if needed
Trimaran,Trimaran_sheet4,4,TRI-AMA-STARBOARD-SIDE-PORT-01,1,20,0,560.222248,193,50,103.30127,5165.0635,0,edge 0: Bottom chine mating edge; bevel-machine after nominal cut,,CUT nominal; CAM outside offset +0.10 mm; do not cut both; holes require inner CAM compensation if needed
Trimaran,Trimaran_sheet4,4,TRI-AMA-STARBOARD-SIDE-STARBOARD-01,1,20,0,614.222248,193,103.30127,50,5165.0635,0,edge 0: Bottom chine mating edge; bevel-machine after nominal cut,,CUT nominal; CAM outside offset +0.10 mm; do not cut both; holes require inner CAM compensation if needed
Trimaran,Trimaran_sheet4,4,TRI-AMA-PORT-DECK-01,1,20,0,173.040598,219,50,100,5000,0,edge 0: Removable deck support edge; keep CUT outline nominal,,CUT nominal; CAM outside offset +0.10 mm; do not cut both; holes require inner CAM compensation if needed
Trimaran,Trimaran_sheet4,4,TRI-AMA-STARBOARD-DECK-01,1,20,0,227.040598,219,50,100,5000,0,edge 0: Removable deck support edge; keep CUT outline nominal,,CUT nominal; CAM outside offset +0.10 mm; do not cut both; holes require inner CAM compensation if needed
Trimaran,Trimaran_sheet4,4,TRI-AMA-STARBOARD-CHINE-PORT-02,1,20,90,281.040598,219,25.881905,170,4399.92385,0,edge 0: Mates flat bottom and vertical side; post-laser bevel to 15 deg | edge 2: Mates flat bottom and vertical side; post-laser bevel to 15 deg,,CUT nominal; CAM outside offset +0.10 mm; do not cut both; holes require inner CAM compensation if needed
Trimaran,Trimaran_sheet4,4,TRI-AMA-STARBOARD-CHINE-PORT-03,1,20,90,310.922503,219,25.881905,170,4399.92385,0,edge 0: Mates flat bottom and vertical side; post-laser bevel to 15 deg | edge 2: Mates flat bottom and vertical side; post-laser bevel to 15 deg,,CUT nominal; CAM outside offset +0.10 mm; do not cut both; holes require inner CAM compensation if needed
Trimaran,Trimaran_sheet4,4,TRI-AMA-STARBOARD-CHINE-STARBOARD-02,1,20,0,20,219.306263,25.881905,170,4399.92385,0,edge 0: Mates flat bottom and vertical side; post-laser bevel to 15 deg | edge 2: Mates flat bottom and vertical side; post-laser bevel to 15 deg,,CUT nominal; CAM outside offset +0.10 mm; do not cut both; holes require inner CAM compensation if needed
Trimaran,Trimaran_sheet4,4,TRI-AMA-STARBOARD-CHINE-STARBOARD-03,1,20,0,49.881905,219.306263,25.881905,170,4399.92385,0,edge 0: Mates flat bottom and vertical side; post-laser bevel to 15 deg | edge 2: Mates flat bottom and vertical side; post-laser bevel to 15 deg,,CUT nominal; CAM outside offset +0.10 mm; do not cut both; holes require inner CAM compensation if needed
Trimaran,Trimaran_sheet4,4,TRI-AMA-STARBOARD-BULKHEAD-04,1,20,0,910.749381,220.828403,43.988173,89.809092,1966.91983,0,edge 0: Section bulkhead mating perimeter; bevel as required for shell angle,,CUT nominal; CAM outside offset +0.10 mm; do not cut both; holes require inner CAM compensation if needed
Trimaran,Trimaran_sheet4,4,TRI-AMA-STARBOARD-CHINE-STARBOARD-04,1,20,0,721.523518,193,20,174.431062,3488.62124,0,edge 0: Mates flat bottom and vertical side; post-laser bevel to 15 deg | edge 2: Mates flat bottom and vertical side; post-laser bevel to 15 deg,,CUT nominal; CAM outside offset +0.10 mm; do not cut both; holes require inner CAM compensation if needed
Trimaran,Trimaran_sheet4,4,TRI-AMA-PORT-BOTTOM-01,1,20,0,340.804408,239,50,50,2500,0,edge 0: Longitudinal chine mating edges; bevel-machine to 15 deg after laser cut | edge 2: Longitudinal chine mating edges; bevel-machine to 15 deg after laser cut,,CUT nominal; CAM outside offset +0.10 mm; do not cut both; holes require inner CAM compensation if needed
Trimaran,Trimaran_sheet4,4,TRI-AMA-STARBOARD-BOTTOM-01,1,20,0,452.920978,246.467957,50,50,2500,0,edge 0: Longitudinal chine mating edges; bevel-machine to 15 deg after laser cut | edge 2: Longitudinal chine mating edges; bevel-machine to 15 deg after laser cut,,CUT nominal; CAM outside offset +0.10 mm; do not cut both; holes require inner CAM compensation if needed
Trimaran,Trimaran_sheet4,4,TRI-AMA-STARBOARD-CHINE-STARBOARD-01,1,20,0,173.040598,159,25.881905,50,1294.09525,0,edge 0: Mates flat bottom and vertical side; post-laser bevel to 15 deg | edge 2: Mates flat bottom and vertical side; post-laser bevel to 15 deg,,CUT nominal; CAM outside offset +0.10 mm; do not cut both; holes require inner CAM compensation if needed
